id	hashtag
2020-01-0	koias
2020-01-1	Dゲーム
2020-01-10	ゆるキャン
2020-01-11	シートン
2020-01-12	なつなぐ
2020-01-14	オーフェン
2020-01-15	防振り
2020-01-16	no24_anime
2020-01-17	空挺ドラゴンズ
2020-01-18	プランダラ
2020-01-19	ネコぱら
2020-01-2	へんたつ
2020-01-20	SB69A
2020-01-21	はてなイリュージョン
2020-01-22	宝石商アニメ
2020-01-23	デンドロ
2020-01-24	うちタマ
2020-01-25	花子くんアニメ
2020-01-26	推し武道
2020-01-27	超電磁砲T
2020-01-28	ソマリと森の神様
2020-01-29	織田シナモン信長
2020-01-3	マギレコ
2020-01-30	リケ恋
2020-01-31	hq_anime
2020-01-32	ランウェイで笑って
2020-01-33	ケンガンアシュラ
2020-01-34	ぼくはか
2020-01-35	isyuzoku
2020-01-36	ナナニジ
2020-01-37	虚構推理
2020-01-38	それがドロヘドロ
2020-01-39	ARP
2020-01-4	Reバース
2020-01-40	7SEEDS
2020-01-41	エーアニ
2020-01-42	いせかる
2020-01-43	バンドリ
2020-01-5	八十亀ちゃん
2020-01-6	イド
2020-01-7	映像研
2020-01-8	pet_anime
2020-03-45	大家さんと僕
2020-03-46	ロノー先生
2020-04-47	tamayomi
2020-04-48	のりものまん
2020-04-49	かくしごと
2020-04-50	神之塔
2020-04-51	八男
2020-04-52	アニメ新サクラ大戦
2020-04-53	listeners_rock
2020-04-54	波よ聞いてくれ
2020-04-55	文アニ
2020-04-56	アルテ
2020-04-57	遊戯王
2020-04-60	メジャーセカンド
2020-04-61	イエスタデイをうたって
2020-04-62	ギャルと恐竜
2020-04-63	はめふら
2020-04-64	本好きの下剋上
2020-04-65	デュエマ
2020-04-66	デジモン
2020-04-67	アースグランナー
2020-04-68	ミュークルドリーミー
2020-04-69	アニゾロ
2020-04-70	アイナナ
2020-04-71	グレイプニル
2020-04-72	シャチバト
2020-04-73	つぐもも
2020-04-74	キングダム
2020-04-76	TikTok
2020-04-77	アニメ白猫
2020-04-78	邪神ちゃんドロップキック
2020-04-79	アニメプリコネ
2020-04-80	teibo
2020-04-81	シャドウバース
2020-04-82	フルーツバスケット
2020-04-83	mugen_anime
2020-04-84	ビーエヌエー
2020-04-85	ビーエヌエー
2020-04-86	富豪刑事BUL
2020-04-87	天晴爛漫
2020-04-88	アルゴナビス
2020-04-89	かぐや様
2020-04-90	ハクション大魔王
2020-04-91	shokugeki_anime
2020-04-92	g_bd
2020-04-93	ULTRAMAN
2020-04-96	テレビ野郎ナナーナ
2020-04-97	別冊オリンピア・キュクロス
2020-05-98	ヴァンガード
2020-06-99	大家さんと僕
2020-07-100	PR
2020-07-102	HEROMASK
2020-07-103	エグゼロス
2020-07-104	炎炎ノ消防隊
2020-07-105	アラドアニメ
2020-07-106	魔王学院
2020-07-107	ラピライ
2020-07-108	goh_anime
2020-07-110	バキアニメ
2020-07-111	ムヒョロジ
2020-07-112	バンドリ
2020-07-113	ウマ娘
2020-07-114	崩壊3rd
2020-07-115	ijouseibutsu
2020-07-116	rezero
2020-07-117	デカダンス
2020-07-119	宇崎ちゃん
2020-07-120	oregairu
2020-07-121	ノーガンズ
2020-07-122	かのかり
2020-07-123	ゲラゲラ
2020-07-124	賢者タイムアニメ
2020-07-125	sao_anime
2020-07-126	モン医者
2020-07-127	AICO
2020-07-128	ジビエート
2020-07-129	恋プロアニメ
2020-09-131	かいじゅうステップ
2020-10-132	ひぐらし
2020-10-133	俺100
2020-10-134	兄に付ける薬はない
2020-10-135	魔女の旅々はいいぞ
2020-10-136	アサルトリリィ
2020-10-137	ヒプアニ
2020-10-138	danmachi
2020-10-139	キンスレ
2020-10-140	レヱル・ロマネスク
2020-10-141	呪術廻戦
2020-10-142	トニカクカワイイ
2020-10-143	hq_anime
2020-10-144	犬と猫
2020-10-145	ダイの大冒険
2020-10-146	半妖の夜叉姫
2020-10-147	lovelive
2020-10-148	シグルリ
2020-10-149	mahouka
2020-10-150	いわかける
2020-10-151	無能なナナ
2020-10-152	かえるのピクルス
2020-10-153	神達に拾われた男
2020-10-154	鷹の爪
2020-10-155	ジャンププラス
2020-10-157	濡れちゃん
2020-10-158	ゴールデンカムイ
2020-10-159	魔王城でおやすみ
2020-10-160	IWGPアニメ
2020-10-161	どう干支2
2020-10-162	OneRoom
2020-10-163	ツキアニ
2020-10-164	kumabear
2020-10-165	キミ戦
2020-10-166	ノブレス
2020-10-167	w_witch
2020-10-168	アクダマドライブ
2020-10-169	アニメグラブル
2020-10-170	安達としまむら
2020-10-171	カミズモード
2020-10-172	gochiusa
2020-10-173	神様になった日
2020-10-174	体操ザムライ
2020-10-175	モリアニ
2020-10-176	まえせつ
2020-10-177	ochifuru
2020-10-178	おそ松さん
2020-10-179	エーアニ
2020-10-180	それだけがネック
2020-10-181	MWZ
2020-10-182	土下座で
2020-10-183	D4DJ
2020-11-184	ディズニープラス
2020-12-185	shingeki
2020-12-186	HEROMASK
2021-01-187	裏世界ピクニック
2021-01-188	ラスダン
2021-01-190	7SEEDS
2021-01-191	ウマ娘
2021-01-192	転スラ
2021-01-193	ゲキドル
2021-01-194	rezero
2021-01-195	アイチュウ
2021-01-197	オルタンシア・サーガ
2021-01-198	bstanime
2021-01-199	SB69A
2021-01-200	ゆるキャン
2021-01-201	エビシー修業日記
2021-01-202	anime243
2021-01-203	約ネバ
2021-01-204	天デ部
2021-01-205	五等分の花嫁
2021-01-206	友崎くん
2021-01-207	蜘蛛ですが
2021-01-208	アイドールズ
2021-01-209	バック・アロウ
2021-01-210	WIXOSS_DA
2021-01-211	おとな防具
2021-01-212	スカード
2021-01-213	隠しダンジョン
2021-01-214	はたらく細胞
2021-01-215	細胞BLACK
2021-01-216	ホリミヤ
2021-01-217	ワールドトリガー
2021-01-218	sk_8
2021-01-219	aikatsu
2021-01-220	怪物事変
2021-01-221	怪病医ラムネ
2021-01-222	レビウス
2021-01-223	スケスタ
2021-01-224	IDOLYPRIDE
2021-01-225	まいにち八十亀ちゃんリターンズ
2021-01-226	無職転生
2021-01-227	なのん
2021-01-229	エクスアーム
2021-01-230	うぇーぶ
2021-01-231	びそくアニメ
2021-01-232	真・中華一番
2021-01-233	bungosd
2021-01-234	WW発進しますっ
2021-01-235	ワンエグ
2021-01-236	七つの大罪
2021-01-237	loghorizon
2021-01-238	回復術士
2021-01-239	DrSTONE第2期放送開始
2021-01-240	オーフェン
2021-02-241	D4DJ
2021-02-242	スナとマヌ
2021-02-244	SDガンダムワールド
2021-03-246	heroaca_a
2021-04-248	SHAMANKING
2021-04-249	ゴジラSP
2021-04-250	アニゾロ
2021-04-251	SSSS_DYNAZENON
2021-04-252	ミファンダ
2021-04-253	灼熱カバディ
2021-04-254	ましろのおと
2021-04-255	ヴァンガード
2021-04-256	おしりたんてい
2021-04-257	sushisumo
2021-04-258	やくもtv
2021-04-259	ヴィヴィ
2021-04-260	デュエマアニメ
2021-04-261	マジカパーティ
2021-04-262	sentoin
2021-04-263	ドラ家
2021-04-264	ダイナ荘びより
2021-04-265	さよなら私のクラマー
2021-04-266	モリアニ
2021-04-267	メガロボクス
2021-04-268	恋きも
2021-04-269	黒ギャルBL
2021-04-270	セナレボアニメ
2021-04-271	ひげひろ
2021-04-272	フルーツバスケット
2021-04-273	オッドタクシー
2021-04-274	MARSRED
2021-04-275	転スラ
2021-04-276	seijyonoanime
2021-04-277	フルダイブ
2021-04-278	スーパーカブ
2021-04-279	擾乱
2021-04-280	ゾンビランドサガ
2021-04-281	バクテン
2021-04-282	ヘタリアWS
2021-04-283	F蘭丸
2021-04-284	妖怪ウォッチ
2021-04-285	シンカリオンZ
2021-04-286	異世界魔王
2021-04-287	すばせかアニメ
2021-04-288	ブルリフR
2021-04-289	yuyuyu
2021-04-290	スライム倒して300年
2021-04-291	SDガンダムワールド
2021-04-292	toman_anime
2021-04-293	エイティシックス
2021-04-294	シャドーハウス
2021-04-295	EDENSZERO
2021-04-296	長瀞さん
2021-04-297	大運動会リスタート
2021-04-298	美少年探偵団
2021-04-299	ミュークルドリーミー
2021-04-300	不滅のあなたへ
2021-04-301	グルーミー
2021-04-302	osamake
2021-04-303	セスタス
2021-04-304	魔入りました入間くん
2021-05-305	猫ジョッキー
2021-06-306	prichan
2021-07-307	ピーチボーイリバーサイド
2021-07-308	スカーレットネクサス
2021-07-309	ひぐらし卒
2021-07-310	ぶらどらぶ
2021-07-311	ぼくリメ
2021-07-312	ヴァニタス
2021-07-313	mahouka
2021-07-314	俺100
2021-07-315	はめふらX
2021-07-316	カノジョも彼女
2021-07-317	俺つしま
2021-07-318	たんもし
2021-07-319	アイナナ
2021-07-320	現国アニメ
2021-07-321	死神坊ちゃん
2021-07-322	かげきしょうじょ
2021-07-323	getter_a
2021-07-324	リメイン
2021-07-325	ゆびねつ
2021-07-326	うらみちお兄さん
2021-07-327	転スラ
2021-07-328	精霊幻想記
2021-07-329	チート薬師のスローライフ
2021-07-330	maidragon
2021-07-331	ツキミチ
2021-07-332	プロアニ
2021-07-333	KICKANDSLIDE
2021-07-334	迷宮ブラックカンパニー
2021-07-335	白い砂のアクアトープ
2021-07-336	トロメラ
2021-07-337	lovelive
2021-07-339	出会って5秒でバトル
2021-07-340	女神寮の寮母くん
2021-07-341	ナイトヘッド
2021-07-342	SonnyBoy
2021-07-343	平穏世代の韋駄天達
2021-08-344	ジャヒー様はくじけない
2021-08-345	マギレコ
2021-10-346	メガトン級ムサシ
2021-10-347	セレプロ
2021-10-349	ブルーピリオド
2021-10-350	yuyuyu
2021-10-351	でーじミーツガール
2021-10-352	終末のワルキューレ
2021-10-353	まおイブ
2021-10-354	やくもtv
2021-10-356	半妖の夜叉姫
2021-10-357	異世界食堂
2021-10-358	デジモン
2021-10-359	プリマジ
2021-10-360	海賊王女
2021-10-361	エイティシックス
2021-10-362	見える子ちゃん
2021-10-363	MUTEKING
2021-10-364	さんかく窓の外側は夜
2021-10-365	アニメぐんまちゃん
2021-10-366	テスラノート
2021-10-367	kk_senki
2021-10-368	無職転生
2021-10-369	吸血鬼すぐ死ぬ
2021-10-370	月とライカ
2021-10-371	しょうたいむ
2021-10-372	進化の実
2021-10-373	ヴァンガード
2021-10-374	チキップダンサーズ
2021-10-375	真の仲間
2021-10-376	暗殺貴族
2021-10-378	プラオレ
2021-10-379	komisan
2021-10-380	マブラヴオルタネイティヴ
2021-10-381	サクガン
2021-10-382	プラチナエンド
2021-10-383	最果てのパラディン
2021-10-384	ヴィジュプリ
2021-10-385	大正オトメ
2021-10-386	鬼滅の刃
2021-10-387	先輩がうざい後輩の話
2021-10-388	ルパン６
2021-10-389	ビルディバイド
2021-10-390	ワールドトリガー
2021-10-392	電池少女
2021-10-393	バンドリ
2021-10-394	agf_anime
2021-10-395	DI
2021-10-396	かぎなど
2021-10-397	王様ランキング
2021-10-398	180秒で君の耳を幸せにできるか
2021-11-399	猫ジョッキー
2021-12-400	コナン警察学校編
2021-12-401	鬼滅の刃
2021-12-402	mahouka
2022-01-403	イロドリミドリ
2022-01-404	ハコヅメ
2022-01-405	leadale
2022-01-406	オリエント
2022-01-407	東京24区
2022-01-408	最遊記
2022-01-409	slowloop
2022-01-411	キュー
2022-01-412	高木さんめ
2022-01-413	jojo_anime
2022-01-414	終末のハーレム
2022-01-415	失格紋
2022-01-416	明日ちゃんのセーラー服
2022-01-417	着せ恋
2022-01-418	現国アニメ
2022-01-419	黒井津さん
2022-01-420	薔薇王の葬列
2022-01-421	錆色のアーマ
2022-01-422	サルボ
2022-01-423	shingeki
2022-01-426	オンエアできない
2022-01-427	佐々木と宮野
2022-01-428	範馬刃牙
2022-01-429	トライブナイン
2022-01-430	おはスタ
2022-01-431	プリコネR
2022-01-432	錆喰いビスコ
2022-01-433	幻想三國誌
2022-01-434	天才王子
2022-01-435	ファ美肉おじさん
2022-01-436	賢者の弟子を名乗る賢者
2022-01-437	殺し愛
2022-01-438	平家物語
2022-01-439	ありふれた
2022-01-440	川尻こだま
2022-01-441	ヴァニタス
2022-01-442	お昼のショッカーさん
2022-01-443	リーマンズクラブ
2022-04-445	阿波連さん
2022-04-446	雀魂
2022-04-447	群青のファンファーレ
2022-04-448	リケ恋
2022-04-449	shokei_anime
2022-04-450	アニシャド
2022-04-451	ラブオールプレー
2022-04-452	lovelive
2022-04-453	モブせか
2022-04-454	BRS
2022-04-455	ビルディバイド
2022-04-456	デュエマ
2022-04-457	ボトルマンDX
2022-04-458	３秒後野獣
2022-04-459	ヒーラー・ガール
2022-04-460	パリピ孔明
2022-04-461	ゼロティー
2022-04-462	g_tekketsu
2022-04-463	yuuyame
2022-04-464	村人Aに転生
2022-04-465	盾の勇者の成り上がり
2022-04-466	トモダチゲーム
2022-04-467	アニゾロ
2022-04-468	RPG不動産
2022-04-469	であいもん
2022-04-470	バディゴル
2022-04-471	骸骨騎士様
2022-04-472	エスタブアニメ
2022-04-473	しゃちされたい
2022-04-474	komisan
2022-04-475	ヒロインたるもの
2022-04-476	恋せか
2022-04-477	date_a_live
2022-04-478	まちカドまぞく
2022-04-479	魔法使い黎明期
2022-04-480	かぐや様
2022-04-481	ダンスール
2022-04-482	おしりたんてい
2022-04-483	アオアシ
2022-04-484	SPY_FAMILY
2022-04-485	まいにち八十亀ちゃんリターンズ
2022-04-486	式守さん
2022-04-487	くノ一ツバキ
2022-04-488	キングダム
2022-04-489	このヒーラー
2022-04-490	おにぱん
2022-04-491	境界戦機
2022-04-492	本好きの下剋上
2022-04-493	かぎなど
2022-04-494	サマータイムレンダ
2022-04-495	カッコウの許嫁
2022-05-496	一騎当千
2022-07-497	神クズ
2022-07-498	彼女お借りします
2022-07-499	シュートアニメ
2022-07-500	リコリコ
2022-07-501	アニメてっぺんっ
2022-07-502	浦和の調ちゃん
2022-07-503	うたわれ
2022-07-504	エンゲージキス
2022-07-505	よふかしのうた
2022-07-506	ユーレイデコ
2022-07-507	RWBY
2022-07-508	L_witch
2022-07-509	よう実
2022-07-510	森のくまさん冬眠中
2022-07-511	転生賢者
2022-07-512	overlord_anime
2022-07-513	ヴァンガード
2022-07-514	ヴェルメイユ
2022-07-515	東京ミュウミュウ
2022-07-516	邪神ちゃんドロップキック
2022-07-517	連れカノ
2022-07-518	miabyss
2022-07-519	アルスノ
2022-07-520	異世界おじさん
2022-07-521	異世界迷宮
2022-07-522	テニプリ
2022-07-523	組長娘と世話係
2022-07-524	それあゆ
2022-07-526	ちみも
2022-07-527	シャドーハウス
2022-07-528	プリマドール
2022-07-529	惑星のさみだれ
2022-07-530	黒の召喚士
2022-07-531	エクハ
2022-07-532	異世界薬局
2022-07-533	ハナビちゃん
2022-07-534	オリエント
2022-07-535	シャインポスト
2022-07-536	maousama
2022-07-537	アニメ5億年ボタン
2022-07-538	lovelive
2022-07-539	danmachi
2022-07-540	最近雇ったメイドが怪しい
2022-08-541	夜は猫といっしょ
2022-08-542	風都探偵
2022-09-544	デュエマアニメ
2022-09-545	しっぽな
2022-10-546	heroaca_a
2022-10-547	SPY_FAMILY
2022-10-548	悪ラス
2022-10-549	農民関連
2022-10-550	宇崎ちゃん
2022-10-551	後宮の烏
2022-10-552	ポプテピピック
2022-10-553	berserk
2022-10-554	ぷにるんず
2022-10-556	ビステマ
2022-10-557	アイナナ
2022-10-558	平成最後に自分史上一番バズった絵を貼る
2022-10-559	shinmai_renkin
2022-10-560	犯人の犯沢さん
2022-10-561	忍の一時
2022-10-562	陰の実力者
2022-10-563	ゴーストブックおばけずかん
2022-10-564	不徳のギルド
2022-10-565	バズロ
2022-10-566	転剣
2022-10-567	ヤマノススメ
2022-10-568	アニメバグ大
2022-10-569	虫かぶり姫
2022-10-570	モブサイコ100
2022-10-572	マブラヴアニメ
2022-10-573	diyアニメ
2022-10-574	令和のデ・ジ・キャラット
2022-10-575	メガトン級ムサシ
2022-10-576	アキバ冥途戦争
2022-10-577	聖剣伝説
2022-10-578	jojo_anime
2022-10-579	魔入りました入間くん
2022-10-580	yp_anime
2022-10-581	ブルーロック
2022-10-582	ぼっち・ざ・ろっく
2022-10-583	ふうこいアニメ
2022-10-584	賢者タイムアニメ
2022-10-585	BLEACH_anime
2022-10-586	クールドジ男子
2022-10-587	永久少年
2022-10-588	チェンソーマン
2022-10-589	恋愛フロップス
2022-10-590	俺クン
2022-10-591	うる星やつら
2022-10-592	4ウソ
2022-10-593	不滅のあなたへ
2022-11-595	艦これ
2022-12-596	ロボコアニメ
2023-01-597	bungosd
2023-01-598	氷属性男子
2023-01-599	転天アニメ
2023-01-600	ツルネ
2023-01-601	テクノロイド
2023-01-602	tomochan
2023-01-603	REVENGER
2023-01-604	スパイ教室
2023-01-605	おにまい
2023-01-606	冰剣の魔術師
2023-01-607	のんびり農家
2023-01-608	シュガーアップル
2023-01-609	lovelive
2023-01-610	バディダディ
2023-01-611	jojo_anime
2023-01-612	danmachi
2023-01-613	アルスの巨獣
2023-01-614	ツンリゼ
2023-01-615	犬ひろ
2023-01-616	お隣の天使様
2023-01-617	暗黒兵士
2023-01-618	TRIGUN
2023-01-619	最強陰陽師
2023-01-620	UniteUp
2023-01-621	toman_anime
2023-01-622	長瀞さん
2023-01-623	nokeani
2023-01-624	便利屋斎藤さん
2023-01-625	ろうきん8
2023-01-626	閃の軌跡NW
2023-01-627	ななみゅ
2023-01-628	虚構推理
2023-01-629	神達に拾われた男
2023-01-630	しょうたいむ
2023-01-631	吸血鬼すぐ死ぬ
2023-01-633	ハイカード
2023-01-634	もののがたり
2023-01-635	アニメ人間不信
2023-01-636	英雄王
2023-01-637	とんでもスキル
2023-01-638	防振り
2023-01-639	とーとつにエジプト神
2023-01-640	大雪海のカイナ
2023-01-641	アニポケ
2023-01-642	D4DJ
2023-01-644	真・進化の実
2023-01-645	ヴァンガード
2023-01-646	閃光のハサウェイ
2023-01-647	オーフェン
2023-01-648	kotaro1_anime
2023-02-649	サンダーボルト
2023-03-650	NT
2023-03-651	夜廻り猫
